{
    "lines": [
      {
        "id": "Line-Blue",
        "name": "Blue Line",
        "stops": ["A", "B", "C", "D", "E"],
        "schedule": {
          "weekday": {
            "A": ["06:00", "06:30", "07:00"],
            "B": ["06:10", "06:40", "07:10"],
            "C": ["06:20", "06:50", "07:20"],
            "D": ["06:30", "07:00", "07:30"],
            "E": ["06:40", "07:10", "07:40"]
          }
        }
      },
      {
        "id": "Line-Red",
        "name": "Red Line",
        "stops": ["C", "F", "G", "H"],
        "schedule": {
          "weekday": {
            "C": ["06:15", "06:45", "07:15"],
            "F": ["06:25", "06:55", "07:25"],
            "G": ["06:35", "07:05", "07:35"],
            "H": ["06:45", "07:15", "07:45"]
          }
        }
      }
    ],
    "stop_locations": {
      "A": {"lat": 30.123, "lng": -81.123},
      "B": {"lat": 30.124, "lng": -81.124},
      "C": {"lat": 30.125, "lng": -81.125},
      "D": {"lat": 30.126, "lng": -81.126},
      "E": {"lat": 30.127, "lng": -81.127},
      "F": {"lat": 30.130, "lng": -81.130},
      "G": {"lat": 30.131, "lng": -81.131},
      "H": {"lat": 30.132, "lng": -81.132}
    }
  }
  